Label	Color	X	Y	Z
Front	#0000ff	0.01257663431880471	-0.0004521904606640722	0.02252583452733559
Middle	#ff0000	0.0028567286384703944	0.0005152555245776542	0.024875223025451493
Back	#008000	-0.009840379152085337	0.002661880254652608	0.018642467236775068
centroid	#000000	0.0013681275833596863	0.001104844896994268	0.020584150882055327
